StartTime,	EndTime
21-Jun-2021 01:22:42, 21-Jun-2021 01:22:50
21-Jun-2021 01:22:50, 21-Jun-2021 01:23:00
21-Jun-2021 01:23:00, 21-Jun-2021 01:23:10
21-Jun-2021 01:23:10, 21-Jun-2021 01:23:20
21-Jun-2021 01:23:20, 21-Jun-2021 01:23:30
21-Jun-2021 01:23:30, 21-Jun-2021 01:23:40
21-Jun-2021 01:23:40, 21-Jun-2021 01:23:50
21-Jun-2021 01:23:50, 21-Jun-2021 01:24:00
21-Jun-2021 01:24:00, 21-Jun-2021 01:24:10
21-Jun-2021 01:24:10, 21-Jun-2021 01:24:20
21-Jun-2021 01:24:20, 21-Jun-2021 01:24:30
21-Jun-2021 01:24:30, 21-Jun-2021 01:24:43
21-Jun-2021 01:24:49, 21-Jun-2021 01:24:53

