Time,Altitude,Latitude,Longitude,VerticalWind,Temperature,LWC
2021-06-05 06:48:42,1411.28796386719,34.1211776733398,-97.4813461303711,0.77061915397644,14.3382997512817,0.170928746461868
2021-06-05 06:48:43,1411.7314453125,34.1201057434082,-97.4806365966797,1.09993278980255,14.3588542938232,0.0964409857988358
2021-06-05 06:48:44,1411.97814941406,34.1190376281738,-97.4799652099609,0.814806938171387,14.4288473129272,0.288867115974426
2021-06-05 06:48:45,1411.73107910156,34.1179618835449,-97.4793167114258,0.116750568151474,14.3888845443726,0.106833316385746
2021-06-05 06:48:46,1411.07348632812,34.116870880127,-97.4786987304688,-0.0749031156301498,14.4119606018066,0.116707883775234
2021-06-05 06:48:47,1410.07556152344,34.1157302856445,-97.4781036376953,-0.408379197120667,14.4611082077026,0.00965839065611362
2021-06-05 06:48:48,1408.83654785156,34.1146545410156,-97.4775085449219,-0.172117456793785,14.5587453842163,0.0083264010027051
2021-06-05 06:48:49,1407.74963378906,34.113525390625,-97.4769744873047,0.126821488142014,14.4995985031128,0.195048034191132
2021-06-05 06:48:50,1407.02746582031,34.1124229431152,-97.476432800293,0.155339956283569,14.5340070724487,0.255589067935944
2021-06-05 06:48:51,1406.78991699219,34.1112670898438,-97.475944519043,1.09353470802307,14.5940341949463,0.274469614028931
2021-06-05 06:48:52,1407.06384277344,34.1101493835449,-97.475456237793,1.43059813976288,14.5950508117676,0.575124442577362
2021-06-05 06:48:53,1407.78747558594,34.1090087890625,-97.4749984741211,2.49214363098145,14.5851221084595,0.497823357582092
2021-06-05 06:48:54,1408.95373535156,34.1078643798828,-97.4745483398438,2.43231511116028,14.5465087890625,0.508448898792267
2021-06-05 06:48:55,1410.42004394531,34.1067161560059,-97.4741287231445,1.40939676761627,14.4006299972534,0.53305721282959
2021-06-05 06:48:56,1411.39343261719,34.1055679321289,-97.4737167358398,0.587030589580536,14.4576187133789,0.285272419452667
2021-06-05 06:48:57,1411.3994140625,34.1044120788574,-97.4732971191406,1.06309247016907,14.4825706481934,0.474522173404694
2021-06-05 06:48:58,1410.84509277344,34.1032562255859,-97.4729080200195,2.90489912033081,14.5807476043701,0.710118293762207
2021-06-05 06:48:59,1410.79052734375,34.1021003723145,-97.4725189208984,3.68883490562439,14.621711730957,0.413334846496582
2021-06-05 06:49:00,1411.82104492188,34.1009483337402,-97.4721145629883,4.90376043319702,14.7049751281738,0.554525673389435
2021-06-05 06:49:01,1413.265625,34.0997772216797,-97.4717330932617,4.12756824493408,14.8066940307617,0.758965969085693
2021-06-05 06:49:02,1414.47875976562,34.0986099243164,-97.4713821411133,4.33579301834106,14.6463508605957,0.904926061630249
2021-06-05 06:49:03,1414.95263671875,34.0974502563477,-97.4709930419922,0.901305854320526,14.6237525939941,0.669868409633636
2021-06-05 06:49:04,1413.63977050781,34.0962715148926,-97.4706420898438,-1.40453672409058,14.3436307907104,0.41567051410675
2021-06-05 06:49:05,1410.80407714844,34.0951194763184,-97.4702835083008,0.696413576602936,14.3419027328491,0.335095316171646
2021-06-05 06:49:06,1407.38793945312,34.093936920166,-97.4699554443359,0.0474442057311535,14.3796701431274,0.252659916877747
2021-06-05 06:49:07,1403.84704589844,34.0927658081055,-97.4696350097656,0.0133882174268365,14.332615852356,0.0934640541672707
2021-06-05 06:49:08,1401.0009765625,34.0915985107422,-97.4693298339844,-0.398584991693497,14.4798851013184,0.0228401683270931
2021-06-05 06:49:09,1399.14221191406,34.0904312133789,-97.4690399169922,-0.0874308571219444,14.5943813323975,0.0784251466393471
2021-06-05 06:49:10,1398.36584472656,34.0892601013184,-97.4687347412109,0.564294755458832,14.6622352600098,0.316881358623505
2021-06-05 06:49:11,1398.61364746094,34.088077545166,-97.4684753417969,0.621198296546936,14.682728767395,0
2021-06-05 06:49:12,1399.62756347656,34.0869102478027,-97.4682159423828,-0.269181758165359,14.7725524902344,0.0864913091063499
2021-06-05 06:49:13,1400.69030761719,34.0857429504395,-97.4679718017578,0.169997751712799,14.8171586990356,0.125749364495277
2021-06-05 06:49:14,1401.90576171875,34.084587097168,-97.4677200317383,0.40012338757515,14.8732967376709,0.000908946269191802
2021-06-05 06:49:15,1402.974609375,34.0834312438965,-97.4674987792969,0.0222975369542837,14.9433889389038,0.00233013019897044
2021-06-05 06:49:16,1404.0703125,34.082275390625,-97.4672622680664,-0.275646388530731,14.9846429824829,0.00142968178261071
2021-06-05 06:49:17,1404.94189453125,34.0811195373535,-97.467041015625,-0.63007527589798,15.0478610992432,0
2021-06-05 06:49:18,1405.46411132812,34.079963684082,-97.4668426513672,1.22477042675018,14.980260848999,0.496898949146271
2021-06-05 06:49:19,1406.49230957031,34.0788116455078,-97.4666519165039,-0.0233846642076969,14.95081615448,0.448863923549652
2021-06-05 06:49:20,1407.43798828125,34.0776557922363,-97.4664688110352,0.812305390834808,15.0882701873779,0.421240031719208
2021-06-05 06:49:21,1408.48645019531,34.0765037536621,-97.4662857055664,0.765765190124512,14.9272718429565,0.425173968076706
2021-06-05 06:49:22,1409.30981445312,34.0753555297852,-97.4661026000977,0.506768345832825,14.8799896240234,0.444312781095505
2021-06-05 06:49:23,1409.83239746094,34.0741996765137,-97.4659271240234,-0.824616014957428,14.6884298324585,0.033776443451643
2021-06-05 06:49:24,1409.66577148438,34.0730590820312,-97.4657440185547,-0.835915446281433,14.8569087982178,0
2021-06-05 06:49:25,1408.89819335938,34.0719032287598,-97.4655609130859,-1.18297493457794,15.001838684082,0
2021-06-05 06:49:26,1407.66467285156,34.0707473754883,-97.4653930664062,-1.805992603302,14.9584131240845,0.000149620289448649
2021-06-05 06:49:27,1406.25915527344,34.0696067810059,-97.465217590332,0.296873927116394,14.8438768386841,0.250938326120377
2021-06-05 06:49:28,1406.24011230469,34.0684509277344,-97.4650650024414,2.07959032058716,14.5515966415405,0.111062705516815
2021-06-05 06:49:29,1407.44885253906,34.0672950744629,-97.4649047851562,0.654460072517395,14.6533250808716,2.48722017204273e-07
2021-06-05 06:49:30,1409.00366210938,34.0661506652832,-97.464729309082,-0.0946831405162811,14.8254413604736,0
2021-06-05 06:49:31,1410.08288574219,34.064998626709,-97.4645690917969,-0.227383315563202,14.7187986373901,0
2021-06-05 06:49:32,1410.19946289062,34.0638427734375,-97.4644088745117,-0.405499368906021,14.5761165618896,7.16689726232289e-07
2021-06-05 06:49:33,1409.62109375,34.062686920166,-97.464241027832,-0.302895665168762,14.5168104171753,0
2021-06-05 06:49:34,1408.94604492188,34.0615463256836,-97.4640884399414,-0.0872702598571777,14.4450063705444,0
2021-06-05 06:49:35,1408.45849609375,34.0603904724121,-97.4639511108398,0.13088284432888,14.3939142227173,2.53006987804838e-07
2021-06-05 06:49:36,1408.2734375,34.0592346191406,-97.4638137817383,0.275273114442825,14.3806104660034,0
2021-06-05 06:49:37,1408.31958007812,34.0580787658691,-97.4636611938477,0.39513111114502,14.3307771682739,0
2021-06-05 06:49:38,1408.58813476562,34.0569229125977,-97.463493347168,0.248849481344223,14.3062744140625,0
2021-06-05 06:49:39,1408.95776367188,34.0557670593262,-97.4633636474609,0.21419857442379,14.2419662475586,0
2021-06-05 06:49:40,1409.39733886719,34.0546112060547,-97.4632263183594,0.321425020694733,14.2581377029419,0
2021-06-05 06:49:41,1409.84240722656,34.0534553527832,-97.4630889892578,0.158651158213615,14.2683820724487,0
2021-06-05 06:49:42,1410.17431640625,34.0522880554199,-97.4629592895508,0.0396814607083797,14.2878761291504,2.52772395015199e-07
2021-06-05 06:49:43,1410.46496582031,34.0511322021484,-97.4628067016602,-0.0328786298632622,14.3445596694946,0
2021-06-05 06:49:44,1410.65087890625,34.0499649047852,-97.462646484375,-0.01792136952281,14.3656377792358,0
2021-06-05 06:49:45,1410.79089355469,34.0487976074219,-97.4625244140625,0.0177405755966902,14.3413124084473,2.5145257609438e-07
2021-06-05 06:49:46,1410.90759277344,34.0476417541504,-97.4623870849609,0.331865131855011,14.3166027069092,0
2021-06-05 06:49:47,1411.03210449219,34.0464668273926,-97.4622497558594,0.379331201314926,14.3583421707153,7.12290216142719e-07
2021-06-05 06:49:48,1411.140625,34.0452919006348,-97.4621047973633,0.0122335273772478,14.3439044952393,1.54747044689429e-06
2021-06-05 06:49:49,1411.21496582031,34.0441360473633,-97.4619445800781,0.423452466726303,14.3328399658203,2.5036928263944e-07
2021-06-05 06:49:50,1411.38818359375,34.0429534912109,-97.4618072509766,0.550145447254181,14.3953247070312,2.4988079871946e-07
2021-06-05 06:49:51,1411.55334472656,34.0417976379395,-97.461669921875,0.368330389261246,14.4713010787964,0
2021-06-05 06:49:52,1411.62939453125,34.0406150817871,-97.461540222168,0.0891664251685143,14.5247211456299,0
2021-06-05 06:49:53,1411.52368164062,34.0394592285156,-97.4614028930664,0.120842710137367,14.6083707809448,0
2021-06-05 06:49:54,1411.21252441406,34.0382919311523,-97.4612579345703,0.295124530792236,14.619083404541,2.50884596653123e-07
2021-06-05 06:49:55,1410.7294921875,34.0370979309082,-97.4611129760742,0.154026582837105,14.5808839797974,0
2021-06-05 06:49:56,1410.24340820312,34.0359268188477,-97.4609909057617,0.150498583912849,14.5523929595947,7.12546238901268e-07
2021-06-05 06:49:57,1409.86096191406,34.0347595214844,-97.4608459472656,0.0625286102294922,14.5685453414917,0
2021-06-05 06:49:58,1409.68493652344,34.0335922241211,-97.4607238769531,0.142502039670944,14.6192817687988,0
2021-06-05 06:49:59,1409.70458984375,34.0324211120605,-97.4605712890625,-0.189325243234634,14.6163396835327,0
2021-06-05 06:50:00,1409.91687011719,34.0312538146973,-97.4604187011719,0.0656335577368736,14.6205005645752,0
2021-06-05 06:50:01,1410.18176269531,34.0300712585449,-97.4602966308594,-0.0644153952598572,14.6054401397705,2.49837256660612e-07
2021-06-05 06:50:02,1410.45300292969,34.0288925170898,-97.4601669311523,0.109184339642525,14.6222610473633,1.79305391156959e-06
2021-06-05 06:50:03,1410.662109375,34.0277214050293,-97.4600372314453,-0.57964676618576,14.6137628555298,0
2021-06-05 06:50:04,1410.71496582031,34.026554107666,-97.4598846435547,-1.14637804031372,14.6582841873169,0
2021-06-05 06:50:05,1410.5625,34.0253829956055,-97.4597396850586,-0.450250864028931,14.7919864654541,0
2021-06-05 06:50:06,1410.23449707031,34.0242042541504,-97.4596176147461,-1.01626896858215,14.7409048080444,0
2021-06-05 06:50:07,1409.78430175781,34.023021697998,-97.45947265625,-0.987178862094879,14.7157821655273,2.49548349984252e-07
2021-06-05 06:50:08,1409.3759765625,34.0218544006348,-97.4593505859375,-0.9295334815979,14.682430267334,0
2021-06-05 06:50:09,1409.22717285156,34.0206832885742,-97.4591979980469,-0.737490594387054,14.6765432357788,0
2021-06-05 06:50:10,1409.4365234375,34.0195007324219,-97.4590454101562,-0.733717322349548,14.6811075210571,0
2021-06-05 06:50:11,1409.88037109375,34.0183334350586,-97.4589233398438,-0.66594386100769,14.6892547607422,0
2021-06-05 06:50:12,1410.46716308594,34.017162322998,-97.4587936401367,-0.823036253452301,14.6789464950562,0
2021-06-05 06:50:13,1410.97900390625,34.0159683227539,-97.4586639404297,-0.73002678155899,14.7067527770996,0
2021-06-05 06:50:14,1411.35546875,34.0148010253906,-97.4585113525391,-0.666895806789398,14.6778392791748,0
2021-06-05 06:50:15,1411.47302246094,34.0136337280273,-97.458366394043,-0.943538665771484,14.6462345123291,0
2021-06-05 06:50:16,1411.31225585938,34.012451171875,-97.4582443237305,-1.07040309906006,14.6084747314453,0
2021-06-05 06:50:17,1410.98034667969,34.0112762451172,-97.4580993652344,-1.16636633872986,14.5829315185547,0
2021-06-05 06:50:18,1410.47631835938,34.0100860595703,-97.4579772949219,-1.20905959606171,14.5501089096069,0
2021-06-05 06:50:19,1409.89331054688,34.008918762207,-97.4578247070312,-1.28743720054626,14.5487575531006,0
2021-06-05 06:50:20,1409.32080078125,34.0077514648438,-97.4576873779297,-1.18988084793091,14.5909566879272,0
2021-06-05 06:50:21,1408.83569335938,34.0065689086914,-97.4575576782227,-1.36512887477875,14.626781463623,2.02377486857586e-05
2021-06-05 06:50:22,1408.51306152344,34.0053863525391,-97.4574356079102,-1.22373735904694,14.6709861755371,0
2021-06-05 06:50:23,1408.42016601562,34.0042037963867,-97.4573059082031,-1.166588306427,14.686806678772,0
2021-06-05 06:50:24,1408.51232910156,34.0030364990234,-97.4571380615234,-1.33988535404205,14.7014036178589,0
2021-06-05 06:50:25,1408.662109375,34.0018653869629,-97.4570007324219,-1.55851542949677,14.7253818511963,0
2021-06-05 06:50:26,1408.7841796875,34.0006980895996,-97.4568786621094,-1.73956263065338,14.8029356002808,7.05359980202047e-07
2021-06-05 06:50:27,1408.81945800781,33.9995307922363,-97.4567565917969,-1.76766669750214,14.8964891433716,0
2021-06-05 06:50:28,1408.76342773438,33.998348236084,-97.4566116333008,-1.48800885677338,15.0032091140747,0
2021-06-05 06:50:29,1408.62353515625,33.9971809387207,-97.4564514160156,-1.51149070262909,15.0864286422729,0
2021-06-05 06:50:30,1408.41088867188,33.9960136413574,-97.4563217163086,-1.45575058460236,15.1044788360596,0
2021-06-05 06:50:31,1408.25988769531,33.9948425292969,-97.456184387207,-1.37331819534302,15.10888671875,0
2021-06-05 06:50:32,1408.21264648438,33.9936752319336,-97.4560775756836,-1.09171366691589,15.1300134658813,0
2021-06-05 06:50:33,1408.46179199219,33.992504119873,-97.4559326171875,-0.684036374092102,15.0787858963013,1.54690224007936e-06
2021-06-05 06:50:34,1409.04296875,33.9913368225098,-97.4557647705078,-0.33147343993187,14.9843530654907,0
2021-06-05 06:50:35,1409.93225097656,33.990161895752,-97.4556274414062,-0.410029202699661,14.946849822998,0
2021-06-05 06:50:36,1410.9619140625,33.9889869689941,-97.4554977416992,-0.35754868388176,14.9453973770142,0
2021-06-05 06:50:37,1411.86828613281,33.9878158569336,-97.4553527832031,-0.398492962121964,14.9108390808105,0
2021-06-05 06:50:38,1412.484375,33.9866485595703,-97.4552154541016,-0.381077647209167,14.8670673370361,7.07048343429051e-07
2021-06-05 06:50:39,1412.78930664062,33.985481262207,-97.4550704956055,-0.397420734167099,14.799090385437,0
2021-06-05 06:50:40,1412.69909667969,33.9842987060547,-97.4549102783203,-0.675948798656464,14.7181901931763,0
2021-06-05 06:50:41,1412.12646484375,33.9831237792969,-97.4547729492188,-0.867968499660492,14.7119588851929,0
2021-06-05 06:50:42,1411.27429199219,33.9819488525391,-97.4546356201172,-0.73431396484375,14.6936817169189,1.53629810029088e-06
2021-06-05 06:50:43,1410.37670898438,33.9807777404785,-97.4544906616211,-0.952963709831238,14.6099262237549,0
2021-06-05 06:50:44,1409.52014160156,33.9795989990234,-97.4543533325195,-0.727474331855774,14.565767288208,4.96151358220231e-07
2021-06-05 06:50:45,1409.01513671875,33.9784317016602,-97.4542236328125,-0.586452603340149,14.5591707229614,1.53332439367659e-06
2021-06-05 06:50:46,1408.76867675781,33.9772605895996,-97.4540710449219,-0.669261991977692,14.5560493469238,0
2021-06-05 06:50:47,1408.69702148438,33.9760856628418,-97.4539260864258,-0.830310583114624,14.5623779296875,4.71451176053961e-06
2021-06-05 06:50:48,1408.734375,33.974910736084,-97.4537887573242,-1.03757643699646,14.5708999633789,0
2021-06-05 06:50:49,1408.83740234375,33.9737281799316,-97.4536514282227,-0.876518964767456,14.5808658599854,0
2021-06-05 06:50:50,1409.02111816406,33.9725608825684,-97.4535217285156,-0.814032554626465,14.5365924835205,7.06908963366004e-07
2021-06-05 06:50:51,1409.18200683594,33.9713935852051,-97.453369140625,-0.734528601169586,14.5027265548706,0
2021-06-05 06:50:52,1409.34362792969,33.9702224731445,-97.4532241821289,-0.875884532928467,14.5064353942871,2.48253655854569e-07
2021-06-05 06:50:53,1409.48767089844,33.9690475463867,-97.4530792236328,-0.768439531326294,14.5175065994263,9.54799361352343e-07
2021-06-05 06:50:54,1409.66833496094,33.9678726196289,-97.4529418945312,-0.692832112312317,14.4928102493286,2.48486344389676e-07
2021-06-05 06:50:55,1409.88391113281,33.9667015075684,-97.4528198242188,-0.671620428562164,14.4867887496948,0
2021-06-05 06:50:56,1410.16552734375,33.9655342102051,-97.4526824951172,-0.469158947467804,14.5017919540405,0
2021-06-05 06:50:57,1410.3447265625,33.9643783569336,-97.4525146484375,-0.538797497749329,14.5264005661011,2.49218174985799e-07
2021-06-05 06:50:58,1410.38000488281,33.9631958007812,-97.4523849487305,-0.639744520187378,14.6114721298218,0
2021-06-05 06:50:59,1410.30139160156,33.962043762207,-97.452262878418,-0.413760989904404,14.7863712310791,2.49101134386365e-07
2021-06-05 06:51:00,1410.18518066406,33.9608726501465,-97.4521408081055,-0.532333076000214,14.8591089248657,0
2021-06-05 06:51:01,1410.00231933594,33.9597053527832,-97.4519958496094,-0.461470484733582,14.9065465927124,3.47007007803768e-05
2021-06-05 06:51:02,1409.83044433594,33.9585266113281,-97.4518508911133,-0.970442175865173,14.9316549301147,2.68548737949459e-05
2021-06-05 06:51:03,1409.4765625,33.9573554992676,-97.4517211914062,-0.790521800518036,14.8938140869141,0
2021-06-05 06:51:04,1409.15283203125,33.9561882019043,-97.4515914916992,-0.989363372325897,14.8730459213257,0
2021-06-05 06:51:05,1408.92358398438,33.9550170898438,-97.4514617919922,-0.823382377624512,14.832878112793,0
2021-06-05 06:51:06,1408.97644042969,33.9538497924805,-97.4513092041016,-0.862042129039764,14.811619758606,0
2021-06-05 06:51:07,1409.265625,33.9526824951172,-97.451171875,-0.863943874835968,14.7700204849243,0
2021-06-05 06:51:08,1409.67700195312,33.9515113830566,-97.4510269165039,-0.997495114803314,14.7832536697388,0
2021-06-05 06:51:09,1410.10913085938,33.9503555297852,-97.4509124755859,-0.899578750133514,14.793007850647,2.66091956291348e-05
2021-06-05 06:51:10,1410.4580078125,33.9491882324219,-97.4507751464844,-1.02053654193878,14.8519067764282,7.28489112589159e-06
2021-06-05 06:51:11,1410.65783691406,33.9480056762695,-97.4506225585938,-0.942812621593475,14.883885383606,0
2021-06-05 06:51:12,1410.77209472656,33.946849822998,-97.4504852294922,-0.82677036523819,14.9352407455444,0
2021-06-05 06:51:13,1410.70690917969,33.9456825256348,-97.4503631591797,-1.32341301441193,14.9320363998413,0
2021-06-05 06:51:14,1410.43420410156,33.9445152282715,-97.4502334594727,-0.931852877140045,15.0442790985107,0
2021-06-05 06:51:15,1410.12536621094,33.943359375,-97.4501037597656,-0.674311816692352,15.0633516311646,0
2021-06-05 06:51:16,1409.89331054688,33.9421882629395,-97.449951171875,-0.796447217464447,15.0638599395752,0
2021-06-05 06:51:17,1409.78747558594,33.941032409668,-97.449836730957,-0.703989923000336,15.2377843856812,2.48942797043128e-07
2021-06-05 06:51:18,1409.99145507812,33.9398651123047,-97.4497222900391,-0.662736833095551,15.2948322296143,0
2021-06-05 06:51:19,1410.24682617188,33.9387092590332,-97.4495849609375,-0.444141060113907,15.3248949050903,0
2021-06-05 06:51:20,1410.43713378906,33.9375419616699,-97.4494476318359,-0.722467362880707,15.2946701049805,0
2021-06-05 06:51:21,1410.48425292969,33.9363861083984,-97.449333190918,-0.520168542861938,15.3009386062622,0
2021-06-05 06:51:22,1410.5087890625,33.9352188110352,-97.4492263793945,-0.371851444244385,15.2763023376465,2.50099503773527e-07
2021-06-05 06:51:23,1410.50402832031,33.9340629577637,-97.4490737915039,-0.339141130447388,15.183895111084,0
2021-06-05 06:51:24,1410.5009765625,33.9328918457031,-97.4489364624023,-0.448808699846268,15.0781030654907,2.0422941815923e-05
2021-06-05 06:51:25,1410.49475097656,33.9317398071289,-97.4488143920898,-0.675211668014526,15.0001049041748,4.99461634717591e-07
2021-06-05 06:51:26,1410.46984863281,33.9305686950684,-97.4487075805664,-0.788758218288422,15.0118341445923,0
2021-06-05 06:51:27,1410.5185546875,33.9294013977051,-97.4485626220703,-0.823491156101227,15.1043186187744,0
2021-06-05 06:51:28,1410.61376953125,33.9282455444336,-97.4484176635742,-0.791225612163544,15.2360239028931,0
2021-06-05 06:51:29,1410.75939941406,33.9270782470703,-97.4483032226562,-0.613923966884613,15.264271736145,7.0553647901761e-07
2021-06-05 06:51:30,1410.8212890625,33.925910949707,-97.4481735229492,-0.577629923820496,15.28395652771,0
2021-06-05 06:51:31,1410.80102539062,33.9247398376465,-97.4480438232422,-0.149661719799042,15.2996006011963,0
2021-06-05 06:51:32,1410.8232421875,33.923583984375,-97.4478912353516,0.106332585215569,15.2938566207886,0
2021-06-05 06:51:33,1410.91333007812,33.9224166870117,-97.4477615356445,-0.22745843231678,15.3029794692993,0
2021-06-05 06:51:34,1410.99609375,33.9212608337402,-97.4476318359375,-0.450888276100159,15.3111505508423,0
2021-06-05 06:51:35,1410.99926757812,33.920093536377,-97.4474945068359,-0.816817164421082,15.2584886550903,0
2021-06-05 06:51:36,1410.75610351562,33.9189376831055,-97.4473342895508,-1.21171081066132,15.2357816696167,0
2021-06-05 06:51:37,1410.15270996094,33.917781829834,-97.4471435546875,-1.36355078220367,15.3140916824341,0
2021-06-05 06:51:38,1409.28063964844,33.9166259765625,-97.4469375610352,-1.33256614208221,15.3190879821777,0
2021-06-05 06:51:39,1408.28112792969,33.9154815673828,-97.4466857910156,-0.989957213401794,15.4268503189087,0
2021-06-05 06:51:40,1407.46520996094,33.9143295288086,-97.4463806152344,-1.39315402507782,15.4056415557861,0
2021-06-05 06:51:41,1407.02551269531,33.913200378418,-97.4460220336914,-1.48498845100403,15.412184715271,0
2021-06-05 06:51:42,1407.38830566406,33.9120979309082,-97.4456405639648,-1.19380736351013,15.3718976974487,1.54628298787429e-06
2021-06-05 06:51:43,1408.5087890625,33.9110260009766,-97.4451675415039,-1.40378069877625,15.3540077209473,0
2021-06-05 06:51:44,1409.93383789062,33.9098930358887,-97.4446411132812,-1.21222460269928,15.2869920730591,0
2021-06-05 06:51:45,1411.46826171875,33.9088592529297,-97.4440841674805,-1.25674092769623,15.2436323165894,0
2021-06-05 06:51:46,1412.89868164062,33.9078063964844,-97.4434814453125,-0.422549068927765,15.1469526290894,0
2021-06-05 06:51:47,1414.29345703125,33.9067497253418,-97.4428176879883,-0.34488108754158,15.1042013168335,0
2021-06-05 06:51:48,1415.509765625,33.9057464599609,-97.4420928955078,0.430714219808578,15.1302795410156,7.11990708168742e-07
2021-06-05 06:51:49,1416.26135253906,33.9047393798828,-97.4413528442383,-0.774525344371796,15.1935997009277,2.50255794753684e-07
2021-06-05 06:51:50,1416.53491210938,33.9037780761719,-97.4405670166016,-0.519080460071564,15.2727918624878,1.07705891423393e-05
2021-06-05 06:51:51,1416.49829101562,33.9028244018555,-97.4397277832031,-2.74354553222656,15.2421827316284,7.11163295363804e-07
2021-06-05 06:51:52,1415.75830078125,33.9019012451172,-97.4388427734375,-2.15085315704346,15.2502861022949,0
2021-06-05 06:51:53,1414.51867675781,33.9009971618652,-97.4379272460938,-1.28233218193054,15.0380544662476,0
2021-06-05 06:51:54,1413.12866210938,33.9001045227051,-97.4369735717773,-0.763306558132172,15.0866670608521,0
2021-06-05 06:51:55,1412.05517578125,33.8992652893066,-97.4359588623047,-0.854693531990051,14.97607421875,7.18946694178157e-07
2021-06-05 06:51:56,1411.576171875,33.8984527587891,-97.4349670410156,0.438938617706299,15.0000829696655,0
2021-06-05 06:51:57,1411.88549804688,33.8976669311523,-97.4338684082031,0.248983547091484,14.955753326416,0
2021-06-05 06:51:58,1412.61706542969,33.8969078063965,-97.432731628418,-0.856993973255157,14.7965126037598,0.00269326567649841
2021-06-05 06:51:59,1413.57873535156,33.896183013916,-97.4315795898438,0.118287213146687,14.6541090011597,0.146002680063248
2021-06-05 06:52:00,1415.06750488281,33.8955230712891,-97.4303741455078,0.0464561097323895,14.6275959014893,0.238542020320892
2021-06-05 06:52:01,1417.14575195312,33.8948860168457,-97.4291610717773,1.0933690071106,14.7423915863037,0.372584521770477
2021-06-05 06:52:02,1420.13610839844,33.8942794799805,-97.4279022216797,1.43716406822205,14.799277305603,0.486927598714828
2021-06-05 06:52:03,1423.80456542969,33.8937301635742,-97.4266128540039,1.87696158885956,14.7513771057129,0.541496396064758
2021-06-05 06:52:04,1428.31396484375,33.893196105957,-97.42529296875,1.31583523750305,14.7319345474243,0.674071311950684
2021-06-05 06:52:05,1433.48107910156,33.8927154541016,-97.4239349365234,2.79188704490662,14.8911638259888,0.904666006565094
2021-06-05 06:52:06,1439.67614746094,33.8922843933105,-97.4225845336914,3.17434334754944,14.9196891784668,0.959356307983398
2021-06-05 06:52:07,1446.43627929688,33.8918952941895,-97.4211883544922,1.83275616168976,14.9004774093628,0.97202330827713
2021-06-05 06:52:08,1453.28930664062,33.891529083252,-97.4197845458984,1.91261339187622,14.8502540588379,0.8003049492836
2021-06-05 06:52:09,1459.82507324219,33.8912124633789,-97.4183578491211,2.07803821563721,14.7994909286499,0.749892294406891
2021-06-05 06:52:10,1465.53186035156,33.8909492492676,-97.4169311523438,1.01225733757019,14.7788858413696,0.422811329364777
2021-06-05 06:52:11,1470.09094238281,33.8906898498535,-97.4154968261719,-0.0602517277002335,14.5047655105591,0.126173496246338
2021-06-05 06:52:12,1473.86181640625,33.8904991149902,-97.4140243530273,0.718808233737946,14.7653865814209,0
2021-06-05 06:52:13,1477.60034179688,33.8903350830078,-97.4125823974609,0.60331404209137,15.1171979904175,0
2021-06-05 06:52:14,1481.42785644531,33.8902473449707,-97.4111099243164,0.533329665660858,15.164044380188,7.42739939596504e-06
2021-06-05 06:52:15,1485.59826660156,33.8901252746582,-97.40966796875,0.516547977924347,14.9791326522827,0.00306238722987473
2021-06-05 06:52:16,1490.39135742188,33.8900756835938,-97.4081802368164,0.642648339271545,14.8751268386841,0.216280490159988
2021-06-05 06:52:17,1495.73278808594,33.8901481628418,-97.4067306518555,0.155114069581032,14.7397108078003,0.115992598235607
2021-06-05 06:52:18,1501.24536132812,33.8902473449707,-97.4052581787109,1.48946237564087,14.7181749343872,0.486823886632919
2021-06-05 06:52:19,1507.23413085938,33.8903465270996,-97.4038314819336,1.12323343753815,14.6813974380493,0.761413276195526
2021-06-05 06:52:20,1512.93078613281,33.890510559082,-97.4023666381836,-0.550125777721405,14.5721483230591,0.135617658495903
2021-06-05 06:52:21,1518.23229980469,33.8907012939453,-97.4009094238281,-0.265594750642776,14.3953990936279,0.0742741450667381
2021-06-05 06:52:22,1523.43481445312,33.8909454345703,-97.3994750976562,3.63790321350098,14.4002494812012,0.678015112876892
2021-06-05 06:52:23,1529.37072753906,33.8912353515625,-97.3980407714844,2.93820333480835,14.4353904724121,0.941349625587463
2021-06-05 06:52:24,1535.8466796875,33.8915519714355,-97.3966369628906,2.58022475242615,14.5522985458374,0.976705074310303
2021-06-05 06:52:25,1542.50561523438,33.8919334411621,-97.3952407836914,-0.730242431163788,14.4548568725586,0.560547232627869
2021-06-05 06:52:26,1548.17932128906,33.8923301696777,-97.3938369750977,-1.08374691009521,14.1439352035522,0.18400251865387
2021-06-05 06:52:27,1553.05114746094,33.8927993774414,-97.3924789428711,-0.385972440242767,14.0402574539185,0.21506156027317
2021-06-05 06:52:28,1557.05554199219,33.8932800292969,-97.39111328125,-0.112815223634243,13.900426864624,0.160349667072296
2021-06-05 06:52:29,1560.86193847656,33.8938026428223,-97.389778137207,1.00274503231049,13.8076095581055,0.00485626934096217
2021-06-05 06:52:30,1565.51513671875,33.8943748474121,-97.3884506225586,2.23321843147278,13.7650861740112,0.11393691599369
2021-06-05 06:52:31,1571.50817871094,33.8949775695801,-97.3871688842773,3.58095741271973,14.0374393463135,1.03056240081787
2021-06-05 06:52:32,1579.00817871094,33.8956146240234,-97.3858871459961,4.89736032485962,14.1357145309448,1.2253315448761
2021-06-05 06:52:33,1587.71875,33.8962745666504,-97.384635925293,3.89165329933167,14.3341255187988,1.39033770561218
2021-06-05 06:52:34,1596.59265136719,33.8969879150391,-97.3834075927734,4.41845560073853,14.3783502578735,1.17271041870117
2021-06-05 06:52:35,1605.17663574219,33.8976631164551,-97.3821640014648,3.89066767692566,14.3159532546997,1.2793915271759
2021-06-05 06:52:36,1612.498046875,33.8983612060547,-97.3809356689453,4.21091842651367,14.285665512085,1.14768695831299
2021-06-05 06:52:37,1618.87854003906,33.8990821838379,-97.3797073364258,5.60401439666748,14.1996803283691,1.45800995826721
2021-06-05 06:52:38,1624.90454101562,33.8997993469238,-97.3784561157227,5.0327615737915,14.1717882156372,1.5538763999939
2021-06-05 06:52:39,1630.64904785156,33.9005165100098,-97.3772277832031,3.97024178504944,14.1778364181519,1.563356757164
2021-06-05 06:52:40,1635.37219238281,33.9012031555176,-97.3759841918945,0.8012615442276,13.9821672439575,0.92734956741333
2021-06-05 06:52:41,1638.53869628906,33.9018745422363,-97.3747177124023,0.527271807193756,13.7538480758667,0.67304652929306
2021-06-05 06:52:42,1640.71020507812,33.9025230407715,-97.3734512329102,2.87102699279785,14.0303287506104,1.18122756481171
2021-06-05 06:52:43,1643.23706054688,33.9031410217285,-97.3721694946289,2.95404672622681,14.1655893325806,1.29840457439423
2021-06-05 06:52:44,1646.1728515625,33.903751373291,-97.3708724975586,-0.615945756435394,14.0701560974121,0.610784709453583
2021-06-05 06:52:45,1649.11877441406,33.9043159484863,-97.3695678710938,1.08585834503174,13.7007894515991,0.0930403769016266
2021-06-05 06:52:46,1652.45300292969,33.904899597168,-97.3682632446289,0.0756111145019531,13.5578308105469,0.108504414558411
2021-06-05 06:52:47,1655.73718261719,33.9054336547852,-97.366943359375,-0.509931564331055,13.6118841171265,0.0255182553082705
2021-06-05 06:52:48,1659.41540527344,33.9059715270996,-97.3656311035156,0.191897213459015,13.6977224349976,0
2021-06-05 06:52:49,1663.69494628906,33.9064903259277,-97.3643264770508,0.236478120088577,13.6949481964111,0
2021-06-05 06:52:50,1668.650390625,33.9070014953613,-97.3630142211914,0.0390018410980701,13.7924270629883,0
2021-06-05 06:52:51,1674.04638671875,33.9075393676758,-97.3617248535156,0.365346878767014,13.7801628112793,0
2021-06-05 06:52:52,1679.5869140625,33.9081192016602,-97.3604049682617,-0.127721831202507,13.5363159179688,0
2021-06-05 06:52:53,1684.95190429688,33.9086837768555,-97.3591232299805,-0.0226796716451645,13.4854907989502,0
2021-06-05 06:52:54,1690.1494140625,33.9092712402344,-97.3578567504883,-0.16947965323925,13.2750930786133,0
2021-06-05 06:52:55,1695.05712890625,33.9098968505859,-97.3565826416016,-0.411188036203384,13.2807102203369,0
2021-06-05 06:52:56,1700.04235839844,33.9105491638184,-97.355354309082,-0.706508874893188,13.1950216293335,2.4710544721529e-07
2021-06-05 06:52:57,1705.25805664062,33.9112701416016,-97.3541412353516,-0.249070703983307,13.2348079681396,0
2021-06-05 06:52:58,1710.88928222656,33.9119873046875,-97.3529663085938,-0.278496235609055,13.3646097183228,0
2021-06-05 06:52:59,1716.63134765625,33.9127731323242,-97.3518371582031,-0.534049332141876,13.3831338882446,0
2021-06-05 06:53:00,1722.46179199219,33.9135856628418,-97.3507232666016,-0.113409847021103,13.4516048431396,0
2021-06-05 06:53:01,1728.41271972656,33.9144287109375,-97.3496246337891,-0.0942241325974464,13.4706554412842,0
2021-06-05 06:53:02,1734.42749023438,33.9153137207031,-97.3486251831055,-0.281524866819382,13.4606437683105,0
2021-06-05 06:53:03,1740.22924804688,33.9162216186523,-97.3475952148438,-0.401496648788452,13.4154205322266,0
2021-06-05 06:53:04,1745.85083007812,33.9171524047852,-97.3466186523438,-0.41490575671196,13.3720483779907,0
2021-06-05 06:53:05,1751.35949707031,33.9181137084961,-97.3456802368164,-0.556743919849396,13.307861328125,0
2021-06-05 06:53:06,1756.951171875,33.919116973877,-97.3447799682617,-0.530580341815948,13.2954835891724,0
2021-06-05 06:53:07,1762.78784179688,33.9201202392578,-97.3439102172852,-0.19908219575882,13.174201965332,0
2021-06-05 06:53:08,1768.88525390625,33.9211769104004,-97.3430633544922,0.0307475458830595,13.1131248474121,0
2021-06-05 06:53:09,1775.06921386719,33.9221801757812,-97.3422317504883,-0.100494623184204,13.0090608596802,0
2021-06-05 06:53:10,1780.93188476562,33.9232368469238,-97.341438293457,-0.278715461492538,12.971960067749,0
2021-06-05 06:53:11,1786.21606445312,33.9243125915527,-97.3406524658203,0.0939789116382599,12.9486198425293,0
2021-06-05 06:53:12,1790.99841308594,33.9254264831543,-97.3399047851562,0.0332264304161072,12.9469957351685,2.45770110041121e-07
2021-06-05 06:53:13,1795.44555664062,33.9265403747559,-97.3391876220703,-0.174769386649132,12.9175882339478,0
2021-06-05 06:53:14,1799.93237304688,33.9276695251465,-97.3385467529297,-0.404478222131729,12.8211698532104,2.45566042167411e-07
2021-06-05 06:53:15,1804.65270996094,33.928825378418,-97.3379287719727,-0.926932275295258,12.6602001190186,0
2021-06-05 06:53:16,1809.72229003906,33.9299812316895,-97.3373565673828,-0.544502437114716,12.63134765625,0
2021-06-05 06:53:17,1815.1982421875,33.9311752319336,-97.3368606567383,-0.466561526060104,12.7041635513306,2.44730586018704e-07
2021-06-05 06:53:18,1820.95751953125,33.9323844909668,-97.3364028930664,-0.323139667510986,12.7250566482544,0
2021-06-05 06:53:19,1826.90832519531,33.93359375,-97.3359909057617,-0.595191895961761,12.6628980636597,0
2021-06-05 06:53:20,1832.84167480469,33.9348297119141,-97.3356475830078,-0.432190716266632,12.6062545776367,0
2021-06-05 06:53:21,1838.73950195312,33.9360694885254,-97.3353424072266,-0.146430611610413,12.6064443588257,0
2021-06-05 06:53:22,1844.50427246094,33.9373245239258,-97.3350830078125,-0.157292082905769,12.5808219909668,0
2021-06-05 06:53:23,1850.04272460938,33.9385719299316,-97.3348693847656,-0.459507316350937,12.5276279449463,0
2021-06-05 06:53:24,1855.35803222656,33.9398460388184,-97.3347473144531,-0.213763698935509,12.4423732757568,2.42480581391646e-07
2021-06-05 06:53:25,1860.49401855469,33.9411087036133,-97.334587097168,-0.208585351705551,12.3787069320679,0
2021-06-05 06:53:26,1865.49816894531,33.9423675537109,-97.3345794677734,-0.20445317029953,12.3875322341919,2.43712634073745e-07
2021-06-05 06:53:27,1870.37609863281,33.9436340332031,-97.3345794677734,-0.186916351318359,12.3368692398071,0
2021-06-05 06:53:28,1875.23718261719,33.9449005126953,-97.334587097168,-0.305736660957336,12.3230886459351,0
2021-06-05 06:53:29,1880.31823730469,33.9461822509766,-97.3347473144531,-0.158578187227249,12.2331018447876,0
2021-06-05 06:53:30,1885.62426757812,33.947437286377,-97.3348770141602,0.0905088111758232,12.2196741104126,0
2021-06-05 06:53:31,1891.16687011719,33.9486846923828,-97.3351287841797,0.544923007488251,12.1530723571777,0.0202111173421144
2021-06-05 06:53:32,1897.02600097656,33.9499359130859,-97.3353805541992,1.68927311897278,12.3324851989746,0.973360896110535
2021-06-05 06:53:33,1902.97778320312,33.9511756896973,-97.335693359375,0.119257614016533,12.2672920227051,0.816259443759918
2021-06-05 06:53:34,1908.33117675781,33.9524002075195,-97.336067199707,-0.107477441430092,12.0629367828369,0.224657192826271
2021-06-05 06:53:35,1913.33312988281,33.9536247253418,-97.3364715576172,0.241709381341934,11.9037561416626,0.0371142476797104
2021-06-05 06:53:36,1918.48315429688,33.9548454284668,-97.3369445800781,3.52953505516052,12.2695798873901,1.46434545516968
2021-06-05 06:53:37,1924.84094238281,33.9560279846191,-97.3374633789062,4.69886684417725,12.7182683944702,1.90636217594147
2021-06-05 06:53:38,1932.29614257812,33.9572105407715,-97.3380584716797,4.27533769607544,12.4410953521729,1.071497797966
2021-06-05 06:53:39,1940.14135742188,33.958366394043,-97.3386764526367,3.57677459716797,12.323410987854,0.0762093588709831
2021-06-05 06:53:40,1947.70153808594,33.9595069885254,-97.3393783569336,0.730184376239777,11.9625568389893,0.788523077964783
2021-06-05 06:53:41,1953.38623046875,33.9606170654297,-97.3400650024414,0.225972712039948,11.9426469802856,0.166392490267754
2021-06-05 06:53:42,1957.51940917969,33.9617652893066,-97.3408279418945,-0.452983170747757,11.6167869567871,0.674825012683868
2021-06-05 06:53:43,1960.57116699219,33.9628486633301,-97.3416137695312,-0.46721813082695,11.8269290924072,0.0696548968553543
2021-06-05 06:53:44,1963.40209960938,33.9639205932617,-97.3424606323242,-0.231411084532738,12.0690908432007,0
2021-06-05 06:53:45,1966.68811035156,33.9649620056152,-97.3433303833008,0.103114575147629,12.2026309967041,0
2021-06-05 06:53:46,1970.73486328125,33.9659805297852,-97.3442306518555,-0.165549233555794,12.1325330734253,0
2021-06-05 06:53:47,1975.52502441406,33.966983795166,-97.3451538085938,-0.0360241942107677,12.1438446044922,0
2021-06-05 06:53:48,1980.83056640625,33.9679870605469,-97.3461074829102,-0.191838040947914,12.1762075424194,0.00218534097075462
2021-06-05 06:53:49,1986.00622558594,33.9689903259277,-97.347053527832,-0.536733448505402,11.9487113952637,0.0231109578162432
2021-06-05 06:53:50,1990.81787109375,33.9699821472168,-97.3480224609375,-0.282004356384277,11.9422750473022,0
2021-06-05 06:53:51,1995.34155273438,33.9709701538086,-97.3489608764648,-0.266914755105972,11.9479160308838,0
2021-06-05 06:53:52,1999.60424804688,33.9719734191895,-97.3499221801758,0.0650915876030922,11.7151222229004,0
2021-06-05 06:53:53,2004.18640136719,33.9729766845703,-97.3508453369141,0.361809760332108,11.5128946304321,0.0584062151610851
2021-06-05 06:53:54,2009.24780273438,33.9739952087402,-97.3517837524414,0.785491108894348,11.4315767288208,0
2021-06-05 06:53:55,2014.7236328125,33.9750366210938,-97.3526916503906,0.562311291694641,11.5161647796631,0
2021-06-05 06:53:56,2020.17346191406,33.9760551452637,-97.3535919189453,0.611770570278168,11.5018711090088,0
2021-06-05 06:53:57,2025.35559082031,33.9770965576172,-97.3544769287109,0.401851952075958,11.5394916534424,0
2021-06-05 06:53:58,2030.150390625,33.9781684875488,-97.3553771972656,0.198604345321655,11.4934177398682,0
2021-06-05 06:53:59,2034.63110351562,33.9792404174805,-97.3562316894531,-0.0400967486202717,11.4791469573975,0
2021-06-05 06:54:00,2038.97314453125,33.9803161621094,-97.3570938110352,-0.166707873344421,11.3740797042847,0.0095171732828021
2021-06-05 06:54:01,2043.24340820312,33.981388092041,-97.3579177856445,-0.392657458782196,11.4878644943237,0
2021-06-05 06:54:02,2047.59509277344,33.9824600219727,-97.358772277832,-0.37915512919426,11.383882522583,0
2021-06-05 06:54:03,2052.158203125,33.9835319519043,-97.3595962524414,-0.456067234277725,11.1815423965454,0
2021-06-05 06:54:04,2056.91650390625,33.9846115112305,-97.3604202270508,-0.399643659591675,11.0240240097046,0
2021-06-05 06:54:05,2061.8505859375,33.9856796264648,-97.3612442016602,-0.505731821060181,10.9028091430664,0
2021-06-05 06:54:06,2066.84765625,33.9867630004883,-97.3620681762695,-0.304617077112198,10.8187942504883,9.34419347231596e-07
2021-06-05 06:54:07,2071.95361328125,33.9879112243652,-97.3628921508789,-0.381344854831696,10.7447834014893,4.2407355067553e-05
2021-06-05 06:54:08,2077.01123046875,33.9889831542969,-97.3637084960938,-0.18938709795475,10.7098369598389,0.0775711759924889
2021-06-05 06:54:09,2081.98681640625,33.9900550842285,-97.3645248413086,-1.0037145614624,10.7388191223145,0
2021-06-05 06:54:10,2086.62573242188,33.9911727905273,-97.3653259277344,-0.471656709909439,10.7682857513428,0.0031340722925961
2021-06-05 06:54:11,2091.3525390625,33.9922866821289,-97.3661346435547,-0.485911130905151,10.7446632385254,0
2021-06-05 06:54:12,2096.14672851562,33.9933624267578,-97.3669281005859,-0.194678694009781,10.7319841384888,0
2021-06-05 06:54:13,2101.11547851562,33.9944915771484,-97.3677444458008,-0.21255399286747,10.72705078125,0
2021-06-05 06:54:14,2106.19384765625,33.9955940246582,-97.3685455322266,-0.402094691991806,10.7309608459473,0
2021-06-05 06:54:15,2111.28979492188,33.9966850280762,-97.3693389892578,-0.246456131339073,10.7185220718384,0
2021-06-05 06:54:16,2116.44921875,33.9978256225586,-97.3701324462891,-0.74259352684021,10.6689615249634,0
2021-06-05 06:54:17,2121.40600585938,33.9988975524902,-97.3709411621094,-0.972850143909454,10.6318082809448,0
2021-06-05 06:54:18,2126.20947265625,34.0000305175781,-97.3717346191406,-0.971360981464386,10.621337890625,0
2021-06-05 06:54:19,2130.93872070312,34.0011291503906,-97.3725509643555,-0.906683027744293,10.6440601348877,0
2021-06-05 06:54:20,2135.72631835938,34.0022354125977,-97.3733520507812,-0.216216966509819,10.5980730056763,0
2021-06-05 06:54:21,2140.75952148438,34.003360748291,-97.374137878418,-0.0781183689832687,10.6377048492432,2.41058700112262e-07
2021-06-05 06:54:22,2146.31909179688,34.0044555664062,-97.3749389648438,0.265904486179352,10.7467985153198,0
2021-06-05 06:54:23,2152.29541015625,34.0055923461914,-97.3757476806641,0.26857390999794,10.797945022583,0
2021-06-05 06:54:24,2158.25512695312,34.0066757202148,-97.3765411376953,0.080369807779789,10.7929515838623,0
2021-06-05 06:54:25,2163.8212890625,34.0078239440918,-97.3773422241211,0.0119546400383115,10.6956233978271,0
2021-06-05 06:54:26,2168.95263671875,34.0089073181152,-97.3781433105469,-0.0224535800516605,10.6259298324585,0
2021-06-05 06:54:27,2173.78002929688,34.0100555419922,-97.3789367675781,-0.137321516871452,10.6265935897827,0
2021-06-05 06:54:28,2178.44506835938,34.0111503601074,-97.3797378540039,-0.399197995662689,10.6652526855469,0
2021-06-05 06:54:29,2183.05004882812,34.0122871398926,-97.3805541992188,-0.185317322611809,10.7492256164551,0
2021-06-05 06:54:30,2187.78393554688,34.0133819580078,-97.38134765625,0.0515490584075451,10.7055320739746,0
2021-06-05 06:54:31,2192.76171875,34.014518737793,-97.3821640014648,0.220993533730507,10.6560201644897,0
2021-06-05 06:54:32,2198.05200195312,34.015625,-97.3829498291016,0.25729101896286,10.5760049819946,0
2021-06-05 06:54:33,2203.61694335938,34.0167503356934,-97.3837509155273,0.431347280740738,10.4965801239014,0
2021-06-05 06:54:34,2209.36108398438,34.0178718566895,-97.3845520019531,0.38017064332962,10.403470993042,0
2021-06-05 06:54:35,2215.11596679688,34.0189819335938,-97.3853302001953,0.386645168066025,10.3176612854004,0
2021-06-05 06:54:36,2220.75317382812,34.0201148986816,-97.3861465454102,0.227514013648033,10.220477104187,0
2021-06-05 06:54:37,2226.16723632812,34.0212135314941,-97.3869400024414,-0.153901219367981,10.1293697357178,2.39332280216331e-07
2021-06-05 06:54:38,2231.24243164062,34.0223617553711,-97.3877410888672,-1.42717170715332,9.98763084411621,0.161242827773094
2021-06-05 06:54:39,2236.2412109375,34.0234489440918,-97.3885269165039,3.36328458786011,10.3276958465576,1.3292647600174
2021-06-05 06:54:40,2242.19702148438,34.0246047973633,-97.3893127441406,2.96463370323181,10.4020338058472,1.694939494133
2021-06-05 06:54:41,2248.22924804688,34.0257186889648,-97.3901138305664,1.32048642635345,10.6924505233765,1.32709550857544
2021-06-05 06:54:42,2253.7021484375,34.0268363952637,-97.3908843994141,-0.0298623032867908,10.1924829483032,0
2021-06-05 06:54:43,2258.49487304688,34.0279922485352,-97.3916702270508,-0.0870196744799614,9.96383857727051,0
2021-06-05 06:54:44,2262.67626953125,34.0291061401367,-97.3924407958984,-0.154135569930077,9.91324329376221,0
2021-06-05 06:54:45,2266.77124023438,34.0302238464355,-97.3932266235352,0.0705448761582375,9.85182762145996,2.39555220105103e-07
2021-06-05 06:54:46,2271.19555664062,34.031379699707,-97.3940277099609,0.0249621700495481,9.7274694442749,0
2021-06-05 06:54:47,2276.13671875,34.0324974060059,-97.3948059082031,0.214145943522453,9.66379833221436,0
2021-06-05 06:54:48,2281.5625,34.0336151123047,-97.3955841064453,0.109795324504375,9.71055316925049,0
2021-06-05 06:54:49,2287.1552734375,34.0347518920898,-97.3963775634766,0.0558998920023441,9.77330875396729,0
2021-06-05 06:54:50,2292.60131835938,34.0358581542969,-97.3971557617188,-0.0271881893277168,9.80654716491699,0
2021-06-05 06:54:51,2297.75439453125,34.0370063781738,-97.3979568481445,0.00648593064397573,9.74104785919189,0
2021-06-05 06:54:52,2302.732421875,34.0381126403809,-97.3987426757812,-0.18480096757412,9.67453861236572,0
2021-06-05 06:54:53,2307.71411132812,34.0392379760742,-97.399543762207,-0.712214946746826,9.60300636291504,0
2021-06-05 06:54:54,2312.8056640625,34.0403709411621,-97.4003295898438,-0.76762980222702,9.52944087982178,0
2021-06-05 06:54:55,2318.06420898438,34.0414733886719,-97.401123046875,-0.786159217357635,9.47669219970703,0
2021-06-05 06:54:56,2323.50659179688,34.0426292419434,-97.4019241333008,-0.563876211643219,9.46254825592041,0
2021-06-05 06:54:57,2329.14672851562,34.0437202453613,-97.402717590332,-0.596517443656921,9.48542022705078,0
2021-06-05 06:54:58,2334.77661132812,34.0448608398438,-97.4035186767578,0.485383629798889,9.51027679443359,0
2021-06-05 06:54:59,2340.49975585938,34.0459632873535,-97.4043197631836,1.03555500507355,9.54878044128418,0
2021-06-05 06:55:00,2346.39599609375,34.0470924377441,-97.4051284790039,1.04821062088013,9.53278732299805,0
2021-06-05 06:55:01,2352.37524414062,34.0482063293457,-97.4059295654297,1.46643364429474,9.533766746521,0
2021-06-05 06:55:02,2358.2607421875,34.0493240356445,-97.4067459106445,0.965365171432495,9.37863826751709,0
2021-06-05 06:55:03,2363.86840820312,34.0504531860352,-97.4075393676758,0.700697064399719,9.3132438659668,0
2021-06-05 06:55:04,2369.09106445312,34.0515556335449,-97.4083557128906,0.092149093747139,9.19088268280029,0
2021-06-05 06:55:05,2373.72338867188,34.0526847839355,-97.4091491699219,0.227596268057823,9.1815013885498,0.772668480873108
2021-06-05 06:55:06,2378.15307617188,34.0537872314453,-97.4099502563477,0.616328597068787,9.15358829498291,1.01422500610352
2021-06-05 06:55:07,2382.89770507812,34.054931640625,-97.4107666015625,0.180113226175308,9.14192390441895,0.058737501502037
2021-06-05 06:55:08,2387.96435546875,34.0560188293457,-97.4115600585938,0.756838977336884,9.0698823928833,0
2021-06-05 06:55:09,2393.5224609375,34.0571746826172,-97.4123764038086,0.959466636180878,8.97898578643799,0
2021-06-05 06:55:10,2399.64379882812,34.0582504272461,-97.4131774902344,3.52740621566772,9.28980731964111,1.54713320732117
2021-06-05 06:55:11,2406.4833984375,34.0594062805176,-97.4140014648438,1.11960577964783,9.61475276947021,1.57695114612579
2021-06-05 06:55:12,2412.6171875,34.0604934692383,-97.4148101806641,2.7985143661499,9.501540184021,1.99755918979645
2021-06-05 06:55:13,2418.84619140625,34.061637878418,-97.4156112670898,4.02873182296753,9.33044815063477,1.83225226402283
2021-06-05 06:55:14,2425.39306640625,34.0627670288086,-97.4164199829102,3.64107251167297,9.14662742614746,1.70961952209473
2021-06-05 06:55:15,2432.01416015625,34.0638809204102,-97.4172058105469,3.13815259933472,9.04318618774414,1.51561045646667
2021-06-05 06:55:16,2438.88330078125,34.0650253295898,-97.4180221557617,2.87865161895752,8.93302440643311,0.999773561954498
2021-06-05 06:55:17,2445.01635742188,34.0661544799805,-97.418830871582,1.66067802906036,8.93293952941895,0.591161668300629
2021-06-05 06:55:18,2449.85693359375,34.0672569274902,-97.4196319580078,0.264366328716278,8.74693775177002,0.751145362854004
2021-06-05 06:55:19,2453.2119140625,34.0684127807617,-97.4204406738281,-0.726266384124756,8.83266258239746,0.681619226932526
2021-06-05 06:55:20,2455.61279296875,34.0695152282715,-97.4212646484375,-1.87857806682587,8.73821830749512,0.151309251785278
2021-06-05 06:55:21,2457.33422851562,34.0706520080566,-97.4220657348633,-0.75145560503006,8.67936706542969,0.626181125640869
2021-06-05 06:55:22,2459.51684570312,34.0717582702637,-97.4228820800781,-0.0299913343042135,8.80357074737549,0.0286057163029909
2021-06-05 06:55:23,2462.92211914062,34.072883605957,-97.4237060546875,-0.0268602911382914,9.0205249786377,0
2021-06-05 06:55:24,2467.5458984375,34.0739898681641,-97.4244995117188,-0.907767832279205,8.70599555969238,0
2021-06-05 06:55:25,2472.93286132812,34.0751152038574,-97.4253158569336,-0.460314601659775,8.62784767150879,0
2021-06-05 06:55:26,2478.685546875,34.0762214660645,-97.4261169433594,-0.657614946365356,8.63465881347656,0
2021-06-05 06:55:27,2484.279296875,34.0773468017578,-97.4269180297852,-0.65303248167038,8.66831302642822,0
2021-06-05 06:55:28,2489.51611328125,34.0784530639648,-97.4277267456055,-0.64533007144928,8.68962097167969,2.38574472177788e-07
2021-06-05 06:55:29,2494.31298828125,34.0795783996582,-97.4285202026367,-0.744195103645325,8.76086711883545,0
