StartTime, EndTime
01-Jun-2021 18:37:20, 01-Jun-2021 18:37:28
01-Jun-2021 18:37:36, 01-Jun-2021 18:37:45
01-Jun-2021 18:47:01, 01-Jun-2021 18:47:03
01-Jun-2021 18:47:11, 01-Jun-2021 18:47:15
01-Jun-2021 18:48:20, 01-Jun-2021 18:48:22
01-Jun-2021 18:48:28, 01-Jun-2021 18:48:29
01-Jun-2021 18:53:36, 01-Jun-2021 18:53:39
01-Jun-2021 18:58:22, 01-Jun-2021 18:58:24
01-Jun-2021 18:58:28, 01-Jun-2021 18:58:31
01-Jun-2021 19:10:07, 01-Jun-2021 19:10:13
01-Jun-2021 19:10:20, 01-Jun-2021 19:10:21
















